kepid,true_label,snr_tier,koi_model_snr,koi_period,kepoi_name,koi_disposition,score,error,koi_depth,eb_flag,pred,pred_final
7877496,1,high,1654.9,1.72086129,K00202.01,CONFIRMED,0.0089137926697731,,10184.5,False,0,0
12019440,1,high,1586.2,3.24325988,K00186.01,CONFIRMED,0.007313983514904976,,16450.9,False,0,0
5357901,1,high,1549.0,3.797018259,K00188.01,CONFIRMED,0.0213889442384243,,14431.2,False,0,0
6849046,1,high,1457.8,4.225384543,K00201.01,CONFIRMED,0.2547456324100494,,7563.0,False,0,0
10019708,1,high,1429.9,3.268695042,K00199.01,CONFIRMED,0.1411415785551071,,10091.4,False,0,0
11414511,1,high,1406.8,2.816504904,K00767.01,CONFIRMED,0.022844120860099792,,16813.7,False,0,0
5794240,1,high,1341.6,2.455240626,K00254.01,CONFIRMED,0.051208119839429855,,36911.9,False,0,0
9595827,1,high,1315.8,3.905081685,K00217.01,CONFIRMED,0.3235197961330414,,21340.5,False,0,0
11502867,1,high,1287.4,3.217518511,K00195.01,CONFIRMED,0.010100947692990303,,14319.4,False,0,0
3749365,1,high,1252.5,1.97376085,K01176.01,CONFIRMED,0.1343782693147659,,30222.4,False,0,0
7950644,1,high,1245.7,10.290994129,K00192.01,CONFIRMED,0.055991921573877335,,9655.7,False,0,0
2581316,1,high,1244.4,217.83184293,K03681.01,CONFIRMED,0.09129852056503296,,9148.7,False,0,0
9818381,1,high,1225.3,3.024092505,K00135.01,CONFIRMED,0.010269815102219582,,7765.0,False,0,0
7529266,1,high,1208.1,8.600153929,K00680.01,CONFIRMED,0.08625218272209167,,4510.2,False,0,0
10619192,1,high,1176.6,1.485710994,K00203.01,CONFIRMED,0.00013862302876077592,,20823.9,False,0,0
9166862,1,high,1173.9,3.855603916,K00931.01,CONFIRMED,0.00901520811021328,,16652.7,False,0,0
11391018,1,high,1126.2,30.360445359,K00189.01,CONFIRMED,0.06242749094963074,,21124.7,False,0,0
6462863,1,high,1118.9,22.342964828,K00094.01,CONFIRMED,0.02617354318499565,,5612.8,False,0,0
4570949,1,high,1109.7,1.544928892,K01658.01,CONFIRMED,0.0013779778964817524,,5817.3,False,0,0
11449844,1,high,1077.8,38.47876629,K00125.01,CONFIRMED,0.000373203307390213,,23530.0,False,0,0
7849854,1,high,1072.1,2.052349884,K00897.01,CONFIRMED,0.006891075987368822,,14280.6,False,0,0
4742414,1,high,1055.9,15.458056682,K00631.01,CONFIRMED,0.024451741948723793,,4253.2,False,0,0
9115800,1,high,1022.2,4.454194254,K00421.01,CONFIRMED,0.1943037062883377,,16041.5,False,0,0
3935914,1,high,1009.3,1.594745374,K00809.01,CONFIRMED,0.002904770663008094,,15044.5,False,0,0
5812701,1,high,915.7,17.855221681,K00012.01,CONFIRMED,0.013627870939671993,,9065.2,False,0,0
6522242,1,high,907.8,41.408316686,K00855.01,CONFIRMED,0.05406586080789566,,22838.9,False,0,0
2987027,1,high,871.4,17.276296682,K00197.01,CONFIRMED,0.4113511145114898,,10458.0,False,0,0
10748390,1,high,862.3,4.887803076,K00003.01,CONFIRMED,0.304676204919815,,4315.8,False,0,0
6046540,1,high,856.3,7.340714946,K00200.01,CONFIRMED,0.06414779275655746,,8510.5,False,0,0
5972334,1,high,812.6,15.358767771,K00191.01,CONFIRMED,0.2806500494480133,,14638.1,False,0,0
8711794,1,mid,198.3,8.981014925,K00105.01,CONFIRMED,0.023842358961701393,,1059.3,False,0,0
5796675,1,mid,195.9,16.080657264,K00652.01,CONFIRMED,0.002074477029964328,,3076.0,False,0,0
11401755,1,mid,194.9,16.23191704,K00277.01,CONFIRMED,0.00039243814535439014,,501.6,False,0,0
5088536,1,mid,190.3,27.50871575,K00282.01,CONFIRMED,0.00971514917910099,,639.2,False,0,0
11904151,1,mid,189.5,0.837491225,K00072.01,CONFIRMED,0.019282907247543335,,190.4,False,0,0
5866724,1,mid,186.7,5.859935955,K00085.01,CONFIRMED,9.547262015985325e-05,,322.8,False,0,0
4914423,1,mid,184.6,179.609803,K00108.02,CONFIRMED,0.2680219411849975,,1273.0,False,0,0
8565266,1,mid,183.1,6.412512953,K00578.01,CONFIRMED,0.1001328080892562,,1156.4,False,0,0
5437945,1,mid,181.0,440.7843755,K03791.01,CONFIRMED,0.008747434243559837,,2579.0,False,0,0
8478994,1,mid,179.5,39.79220077,K00245.01,CONFIRMED,0.008834121748805046,,610.4,False,0,0
5084942,1,mid,178.6,3.105507835,K00161.01,CONFIRMED,0.1740785241127014,,904.6,False,0,0
5735762,1,mid,178.0,9.673958488,K00148.02,CONFIRMED,0.09542854130268097,,952.7,False,0,0
7434875,1,mid,175.2,9.439459486,K00884.01,CONFIRMED,0.0063493219204247,,3036.1,False,0,0
8022489,1,mid,175.2,197.5111484,K02674.01,CONFIRMED,0.017655963078141212,,2575.6,False,0,0
11517719,1,mid,171.4,2.495780169,K01416.01,CONFIRMED,3.226239719822388e-09,,25070.0,False,0,0
6786037,1,mid,171.0,127.905412,K00564.02,CONFIRMED,0.032355841249227524,,4020.6,False,0,0
3217264,1,mid,171.0,29.19899219,K00401.01,CONFIRMED,0.3365200161933899,,2047.2,False,0,0
11518142,1,mid,170.1,240.7990472,K03762.01,CONFIRMED,0.004963497631251812,,5022.9,False,0,0
11250587,1,mid,168.3,7.256962446,K00107.01,CONFIRMED,0.04845362901687622,,463.2,False,0,0
6196457,1,mid,167.6,13.74883059,K00285.01,CONFIRMED,0.0005284395883791149,,425.9,False,0,0
8026752,1,mid,167.3,4.286866229,K00240.01,CONFIRMED,0.039267003536224365,,1321.9,False,0,0
9579641,1,mid,166.7,5.412203927,K00115.01,CONFIRMED,0.005864368751645088,,601.6,False,0,0
9820483,1,mid,166.3,3.584101048,K00953.01,CONFIRMED,0.043652236461639404,,2608.1,False,0,0
5164255,1,mid,166.0,15.37562369,K00824.01,CONFIRMED,0.0071945032104849815,,15337.0,False,0,0
6678383,1,mid,165.5,11.427550984,K00111.01,CONFIRMED,0.1438007056713104,,500.9,False,0,0
10925104,1,mid,163.5,11.776132317,K00156.03,CONFIRMED,0.2307821810245514,,1430.8,False,0,0
8678594,1,mid,162.3,133.460999,K01261.01,CONFIRMED,0.03785858675837517,,5032.9,False,0,0
10910878,1,mid,161.9,16.06864674,K00757.01,CONFIRMED,0.1709019392728805,,4914.3,False,0,0
11122894,1,mid,161.5,74.92768653,K01426.02,CONFIRMED,0.2321766763925552,,4119.2,False,0,0
9450647,1,mid,161.4,9.940666412,K00110.01,CONFIRMED,0.0002940600388683,,520.2,False,0,0
6191521,1,mid,160.9,80.8723469,K00847.01,CONFIRMED,0.0188215654343366,,3604.6,False,0,0
9702072,1,mid,160.3,4.182001885,K00714.01,CONFIRMED,0.026664728298783302,,847.4,False,0,0
11017901,1,mid,159.2,7.794302043,K01800.01,CONFIRMED,4.5812688767910004e-05,,3387.4,False,0,0
7135852,1,mid,157.8,4.220965778,K00875.01,CONFIRMED,0.06503339111804962,,2260.0,False,0,0
6508221,1,mid,157.3,18.20795835,K00416.01,CONFIRMED,0.2235714048147201,,1596.9,False,0,0
7366258,1,mid,155.5,51.53997972,K00880.02,CONFIRMED,0.07435154914855957,,3644.3,False,0,0
9663113,1,mid,155.3,20.74028645,K00179.01,CONFIRMED,0.0728227272629737,,1023.3,False,0,0
5780460,1,mid,155.0,35.61760233,K01005.01,CONFIRMED,0.3689938187599182,,4634.9,False,0,0
8866102,1,mid,154.5,17.83367834,K00042.01,CONFIRMED,0.0630853772163391,,326.9,False,0,0
9157634,1,mid,153.3,2.104721971,K00526.01,CONFIRMED,0.0382654331624507,,905.5,False,0,0
8689031,1,low,49.9,21.80451611,K00920.01,CONFIRMED,0.2367143034934997,,1144.9,False,0,0
6587002,1,low,49.9,47.4277116,K00612.02,CONFIRMED,0.1120024770498275,,820.4,False,0,0
7755636,1,low,49.8,16.00496657,K01921.01,CONFIRMED,0.0001941572409123,,377.5,False,0,0
8826168,1,low,49.8,11.55103848,K01850.01,CONFIRMED,0.0017240395536646,,402.8,False,0,0
11100383,1,low,49.5,12.92489803,K00346.01,CONFIRMED,0.0138635961338877,,959.0,False,0,0
9631762,1,low,49.5,10.35586478,K00588.01,CONFIRMED,0.0067305485717952,,660.9,False,0,0
11030711,1,low,49.4,205.912735,K01429.01,CONFIRMED,0.020630497485399246,,2378.8,False,0,0
6184894,1,low,49.4,7.20281185,K05245.01,CONFIRMED,0.0003747139999177,,1832.6,False,0,0
10905746,1,low,49.2,9.8786461,K01725.01,CONFIRMED,0.4461786448955536,,1472.7,False,0,0
6276477,1,low,49.2,10.35533116,K00849.01,CONFIRMED,0.2035305947065353,,750.6,False,0,0
7629518,1,low,49.2,15.59466045,K01495.01,CONFIRMED,0.00280965375714,,867.7,False,0,0
10554999,1,low,49.1,6.400157105,K00534.01,CONFIRMED,0.0097893197089433,,743.2,False,0,0
3939150,1,low,49.1,17.32419108,K01215.01,CONFIRMED,0.0350009128451347,,241.3,False,0,0
9590976,1,low,49.0,5.37493289,K00710.01,CONFIRMED,0.003165004076436162,,155.8,False,0,0
9076513,1,low,49.0,2.437029217,K00583.01,CONFIRMED,0.03673461452126503,,244.0,False,0,0
5456651,1,low,48.9,11.76307164,K00835.01,CONFIRMED,0.0846161693334579,,1037.3,False,0,0
6690082,1,low,48.9,2.1395563,K01240.01,CONFIRMED,0.019718142226338387,,266.1,False,0,0
3634051,1,low,48.8,453.54212,K06103.01,CONFIRMED,0.07160281389951706,,861.0,False,0,0
10577994,1,low,48.7,8.1808949,K00475.01,CONFIRMED,0.014647162519395351,,723.5,False,0,0
10552611,1,low,48.7,7.0106324,K00338.01,CONFIRMED,0.013210756704211235,,327.3,False,0,0
9649706,1,low,48.7,1.569066598,K02049.01,CONFIRMED,0.0014836278278380632,,147.2,False,0,0
8733898,1,low,48.6,1.565412613,K02842.01,CONFIRMED,0.004095957148820162,,2754.6,False,0,0
7765528,1,low,48.6,7.03932913,K01840.01,CONFIRMED,0.00015859583800192922,,836.7,False,0,0
7455287,1,low,48.5,8.01078456,K00886.01,CONFIRMED,0.279376208782196,,1333.6,False,0,0
8367644,1,low,48.5,22.08551599,K01879.01,CONFIRMED,0.004141355399042368,,3157.4,False,0,0
6693640,1,low,48.3,13.71938426,K01245.01,CONFIRMED,0.07102027535438538,,316.4,False,0,0
10724369,1,low,48.3,55.6391882,K01302.01,CONFIRMED,0.007757159415632486,,853.0,False,0,0
12404086,1,low,48.2,26.39432897,K00788.01,CONFIRMED,0.2150256931781768,,1510.9,False,0,0
5438099,1,low,48.2,7.24022418,K01567.01,CONFIRMED,0.044081997126340866,,864.9,False,0,0
6838050,1,low,48.1,6.51003001,K00512.01,CONFIRMED,0.291585236787796,,602.8,False,0,0
7970760,0,fp,9054.7,7.64941291,K06943.01,FALSE POSITIVE,0.0731487870216369,,236246.0,False,0,0
10191056,0,fp,8755.2,1.21374744,K05774.01,FALSE POSITIVE,0.0071170879527926,,185129.0,False,0,0
9474969,0,fp,8616.1,21.570508432,K07178.01,FALSE POSITIVE,0.3840535581111908,,134176.0,False,0,0
5738698,0,fp,8577.4,2.404386969,K06134.01,FALSE POSITIVE,0.9501030445098876,,313168.0,False,1,1
9474222,0,fp,8326.3,13.691790011,K07177.01,FALSE POSITIVE,0.1692509353160858,,97563.5,False,0,0
9353182,0,fp,8251.5,10.476258265,K07164.01,FALSE POSITIVE,0.0571771040558815,,120206.0,False,0,0
9246715,0,fp,8248.4,342.55315723,K07601.01,FALSE POSITIVE,0.002187488367781,,192887.0,False,0,0
6766748,0,fp,8168.6,7.002865192,K06764.01,FALSE POSITIVE,0.019159210845828,,349695.0,False,0,0
6449358,0,fp,8022.8,5.776794344,K06147.01,FALSE POSITIVE,0.0596555396914482,,121544.0,False,0,0
9966115,0,fp,7878.0,8.947426242,K06075.01,FALSE POSITIVE,0.0004938113852404,,85995.2,False,0,0
9957668,0,fp,7846.3,30.69533113,K05744.01,FALSE POSITIVE,0.0150963887572288,,88771.2,False,0,0
7118545,0,fp,7795.3,14.797219157,K06831.01,FALSE POSITIVE,0.1055869907140731,,252699.0,False,0,0
5622250,0,fp,7486.2,16.294213708,K06608.01,FALSE POSITIVE,0.2157336324453354,,174006.0,False,0,0
8581658,0,fp,7428.7,3.481657589,K07064.01,FALSE POSITIVE,0.0039370632730424,,347012.0,False,0,0
9777062,0,fp,7232.1,19.230038188,K07229.01,FALSE POSITIVE,0.0311992019414901,,266180.0,False,0,0
8044608,0,fp,7056.8,106.17593813,K03523.01,FALSE POSITIVE,0.3512223958969116,,164738.0,False,0,0
8374499,0,fp,6979.7,5.251918489,K07026.01,FALSE POSITIVE,0.0186217688024044,,296478.0,False,0,0
10480952,0,fp,6944.9,2.037453129,K05797.01,FALSE POSITIVE,0.9391490817070008,,315914.0,False,1,1
5598639,0,fp,6873.9,0.648775795,K06602.01,FALSE POSITIVE,0.0002911290212068,,108824.0,False,0,0
3757590,0,fp,6788.8,135.58607679,K03520.01,FALSE POSITIVE,0.3761292397975921,,363134.0,False,0,0
10215422,0,fp,6707.7,24.847087207,K07297.01,FALSE POSITIVE,0.0997070670127868,,317670.0,False,0,0
4740676,0,fp,6581.3,3.454241684,K06119.01,FALSE POSITIVE,0.017858050763607,,88194.9,False,0,0
8906676,0,fp,6579.3,8.209514329,K07108.01,FALSE POSITIVE,0.0142157012596726,,141387.0,False,0,0
4144236,0,fp,6512.7,22.913446297,K06109.01,FALSE POSITIVE,0.2404775470495224,,251835.0,False,0,0
12013615,0,fp,6499.9,8.202869679,K07505.01,FALSE POSITIVE,0.0014041695976629,,345937.0,False,0,0
5473556,0,fp,6395.7,11.258825027,K02939.01,FALSE POSITIVE,0.3393014073371887,,196280.0,False,0,0
9912977,0,fp,6351.7,0.9439372,K07977.01,FALSE POSITIVE,0.0033023576252162,,279437.0,False,0,0
6220470,0,fp,6113.7,8.144135648,K06677.01,FALSE POSITIVE,0.0006828822661191,,87880.8,False,0,0
8098300,0,fp,6104.8,4.305917719,K06964.01,FALSE POSITIVE,0.8104537725448608,,361389.0,True,1,0
11913071,0,fp,6016.2,3.747835042,K07492.01,FALSE POSITIVE,0.5167720913887024,,188923.0,False,0,0
5288543,0,fp,6009.0,3.457078812,K06555.01,FALSE POSITIVE,0.2159225344657898,,315517.0,False,0,0
10491031,0,fp,5915.4,2.199069234,K07336.01,FALSE POSITIVE,0.9779757857322692,,225250.0,False,1,1
10616656,0,fp,5902.4,25.285232337,K05814.01,FALSE POSITIVE,0.2216388583183288,,63021.6,False,0,0
9412462,0,fp,5867.8,10.186578749,K07171.01,FALSE POSITIVE,0.0022728126496076,,340671.0,False,0,0
6362386,0,fp,5784.8,4.592401261,K06146.01,FALSE POSITIVE,0.1747763156890869,,87426.1,False,0,0
7369523,0,fp,5776.1,2.659418888,K06870.01,FALSE POSITIVE,0.9094107151031494,,305233.0,False,1,1
11409698,0,fp,5758.7,10.26782676,K07444.01,FALSE POSITIVE,0.0033940142020583,,247175.0,False,0,0
9873869,0,fp,5742.0,4.994773558,K07241.01,FALSE POSITIVE,3.18162637995556e-05,,259761.0,False,0,0
2445134,0,fp,5696.2,8.412008943,K05983.01,FALSE POSITIVE,0.0066778757609426,,136113.0,False,0,0
3120320,0,fp,5640.0,10.265613245,K06307.01,FALSE POSITIVE,0.0403375886380672,,150465.0,False,0,0
8414159,0,fp,5606.7,11.931131598,K07035.01,FALSE POSITIVE,0.1050121486186981,,300506.0,False,0,0
4826439,0,fp,5557.4,1.237147407,K06121.01,FALSE POSITIVE,0.0094141503795981,,435364.0,False,0,0
4285087,0,fp,5552.2,2.243015737,K06112.01,FALSE POSITIVE,8.73154385772068e-06,,277946.0,False,0,0
6593363,0,fp,5547.2,18.527824075,K06736.01,FALSE POSITIVE,0.1346006840467453,,76231.1,False,0,0
12644769,0,fp,5518.2,41.077590334,K01611.01,FALSE POSITIVE,0.3131720721721649,,134484.0,False,0,0
8316503,0,fp,5497.0,5.065329723,K07019.01,FALSE POSITIVE,1.5975012502167374e-05,,155614.0,False,0,0
6891512,0,fp,5494.6,1.752562808,K05335.01,FALSE POSITIVE,0.0764563456177711,,368004.0,False,0,0
8621026,0,fp,5461.0,4.059428737,K07071.01,FALSE POSITIVE,0.1928131133317947,,245217.0,False,0,0
8415863,0,fp,5446.9,27.533803402,K07037.01,FALSE POSITIVE,0.1852024048566818,,48152.7,False,0,0
10601579,0,fp,5402.0,8.098754149,K07349.01,FALSE POSITIVE,0.0151019627228379,,56616.3,False,0,0
5005618,0,fp,5388.3,681.9363102,K03186.01,FALSE POSITIVE,0.0099522257223725,,186528.0,False,0,0
3644542,0,fp,5357.7,119.67980316,K03511.01,FALSE POSITIVE,0.4654316902160644,,299046.0,False,0,0
10031808,0,fp,5324.6,8.589644815,K07278.01,FALSE POSITIVE,0.0815027877688407,,269518.0,False,0,0
5016163,0,fp,5312.7,2.6228301,K05115.01,FALSE POSITIVE,0.9813499450683594,,409714.0,False,1,1
5530881,0,fp,5286.2,5.082523739,K06594.01,FALSE POSITIVE,0.0221444070339202,,276277.0,False,0,0
6864859,0,fp,5260.3,40.877841988,K06782.01,FALSE POSITIVE,0.241999551653862,,256094.0,False,0,0
6594972,0,fp,5258.2,10.819169459,K06737.01,FALSE POSITIVE,0.0458332598209381,,437142.0,False,0,0
11071207,0,fp,5246.5,8.04963472,K07405.01,FALSE POSITIVE,0.0264209527522325,,279647.0,False,0,0
9851142,0,fp,5219.5,8.480304281,K03513.01,FALSE POSITIVE,0.7110351920127869,,83114.6,False,1,1
5735878,0,fp,5156.6,16.832079803,K06622.01,FALSE POSITIVE,0.0009280754020437,,48374.6,False,0,0
4950557,0,fp,5148.8,24.714790706,K06483.01,FALSE POSITIVE,0.1490986496210098,,208732.0,False,0,0
10385682,0,fp,5143.6,3.103730697,K06223.01,FALSE POSITIVE,2.5302635549451225e-05,,369228.0,False,0,0
8378656,0,fp,5131.4,3.62944008,K07027.01,FALSE POSITIVE,0.0555755980312824,,130083.0,False,0,0
10849244,0,fp,5083.9,24.261683827,K07381.01,FALSE POSITIVE,0.3058883547782898,,192283.0,False,0,0
6610219,0,fp,5027.8,11.300987626,K06743.01,FALSE POSITIVE,0.1788595765829086,,325703.0,False,0,0
4255422,0,fp,4958.6,165.40574995,K03528.01,FALSE POSITIVE,0.3790917694568634,,66402.0,False,0,0
12071006,0,fp,4885.3,6.096030635,K07511.01,FALSE POSITIVE,0.030654639005661,,901661.0,False,0,0
10228942,0,fp,4881.9,21.025447023,K06219.01,FALSE POSITIVE,0.2095008790493011,,115743.0,False,0,0
9941387,0,fp,4791.0,27.659607786,K05738.01,FALSE POSITIVE,0.1715215593576431,,318404.0,False,0,0
5284133,0,fp,4761.5,8.784575777,K06552.01,FALSE POSITIVE,0.4101766943931579,,262984.0,False,0,0
12217907,0,fp,4750.2,43.204596783,K07516.01,FALSE POSITIVE,0.3203037083148956,,202488.0,False,0,0
4840327,0,fp,4731.1,26.737139497,K05093.01,FALSE POSITIVE,0.2610626518726349,,53516.1,False,0,0
10198109,0,fp,4696.8,17.918743061,K07294.01,FALSE POSITIVE,0.004618783481419,,118355.0,False,0,0
7846730,0,fp,4680.2,11.02822674,K06923.01,FALSE POSITIVE,0.0125755667686462,,278035.0,False,0,0
3449540,0,fp,4679.3,1.606003121,K04982.01,FALSE POSITIVE,0.0155510129407048,,402550.0,False,0,0
9048145,0,fp,4638.1,8.667826242,K06063.01,FALSE POSITIVE,0.0014094321522861,,43491.0,False,0,0
6543674,0,fp,4630.1,1.195515364,K05298.01,FALSE POSITIVE,0.0079041421413421,,396401.0,False,0,0
6699562,0,fp,4607.4,46.270524872,K05317.01,FALSE POSITIVE,0.0404082126915454,,66244.1,False,0,0
7117003,0,fp,4594.8,428.32173928,K03514.01,FALSE POSITIVE,0.207484632730484,,316995.0,False,0,0
4847832,0,fp,4578.3,30.960216668,K06459.01,FALSE POSITIVE,0.3134289681911468,,340408.0,False,0,0
5700330,0,fp,4563.5,53.220416998,K06616.01,FALSE POSITIVE,0.0926384776830673,,72895.3,False,0,0
12251779,0,fp,4542.8,14.844240386,K07517.01,FALSE POSITIVE,0.2514590620994568,,83412.4,False,0,0
8957954,0,fp,4541.1,2.179924994,K06189.01,FALSE POSITIVE,5.647800207952969e-05,,253149.0,False,0,0
7541502,0,fp,4484.5,44.827323809,K06885.01,FALSE POSITIVE,0.0516013130545616,,237120.0,False,0,0
5807579,0,fp,4456.6,17.844323157,K06629.01,FALSE POSITIVE,0.028579456731677,,222364.0,False,0,0
2693092,0,fp,4421.6,39.841522897,K06285.01,FALSE POSITIVE,0.0101142628118395,,143685.0,False,0,0
6806632,0,fp,4419.3,9.469191607,K06772.01,FALSE POSITIVE,5.508730737346923e-06,,63501.9,False,0,0
10275887,0,fp,4414.3,9.726748645,K07304.01,FALSE POSITIVE,2.185416406064178e-06,,393412.0,False,0,0
10296163,0,fp,4407.8,9.296746368,K07309.01,FALSE POSITIVE,0.0777482911944389,,213838.0,False,0,0
3938073,0,fp,4403.8,31.024310431,K06373.01,FALSE POSITIVE,0.1770348101854324,,96480.3,False,0,0
2973509,0,fp,4355.5,6.62761199,K06300.01,FALSE POSITIVE,0.1172119453549385,,227141.0,False,0,0
6182849,0,fp,4322.4,6.399107136,K03512.01,FALSE POSITIVE,0.0068051358684897,,376769.0,False,0,0
6698670,0,fp,4313.4,10.81589054,K06760.01,FALSE POSITIVE,0.0019038473255932,,45399.6,False,0,0
8984706,0,fp,4311.3,10.135401047,K06190.01,FALSE POSITIVE,0.0025053238496184,,256062.0,False,0,0
6859813,0,fp,4284.2,10.88242209,K06778.01,FALSE POSITIVE,1.6247475969066727e-06,,206811.0,False,0,0
6877673,0,fp,4263.6,36.75892725,K06784.01,FALSE POSITIVE,0.1363446861505508,,261730.0,False,0,0
6523216,0,fp,4262.9,14.313157391,K06725.01,FALSE POSITIVE,0.0131534533575177,,21566.9,False,0,0
4157488,0,fp,4262.1,5.197420145,K06390.01,FALSE POSITIVE,0.9897161722183228,,91307.3,True,1,0
12021387,0,fp,4257.4,241.07074582,K03522.01,FALSE POSITIVE,0.3009313344955444,,70291.7,False,0,0
8590780,0,fp,4247.8,4.326946311,K06183.01,FALSE POSITIVE,0.0009517971775494,,409031.0,False,0,0
10295951,0,candidate,1441.9,6.810823723,K01154.01,CANDIDATE,4.858400188822998e-06,,14446.8,False,0,0
6842345,0,candidate,1149.7,17.3816224,K06774.01,CANDIDATE,0.0830107554793357,,59099.4,False,0,0
6634112,0,candidate,1073.3,9.942228056,K05308.01,CANDIDATE,0.0005257309530861,,31067.9,False,0,0
7380537,0,candidate,1011.6,2.688899233,K00883.01,CANDIDATE,3.6860754335066304e-05,,37491.6,False,0,0
6620003,0,candidate,987.2,1.714274727,K01225.01,CANDIDATE,0.0016489545814692,,28460.1,False,0,0
4178389,0,candidate,958.7,23.210509958,K00185.01,CANDIDATE,0.0056670252233743,,28736.9,False,0,0
12253490,0,candidate,900.3,19.159760875,K05961.01,CANDIDATE,0.05910374969244,,32491.1,False,0,0
7906882,0,candidate,825.0,52.513548727,K00686.01,CANDIDATE,0.0250332634896039,,14252.3,False,0,0
9944201,0,candidate,815.3,0.721522907,K07259.01,CANDIDATE,0.0009249424329027,,22528.0,False,0,0
12251650,0,candidate,731.7,17.761998411,K00621.01,CANDIDATE,0.1753878444433212,,24176.9,False,0,0
9962595,0,candidate,643.6,11.374442708,K05745.01,CANDIDATE,0.0001155402787844,,27904.9,False,0,0
9772531,0,candidate,607.4,31.201692472,K00950.01,CANDIDATE,0.2762893438339233,,34513.7,False,0,0
11805075,0,candidate,590.6,199.83920527,K00436.01,CANDIDATE,0.0090275323018431,,44490.0,False,0,0
6526710,0,candidate,561.1,39.74893077,K00856.01,CANDIDATE,0.0304737910628318,,15178.9,False,0,0
8260218,0,candidate,537.7,5.714817603,K01066.01,CANDIDATE,0.0103928409516811,,12294.8,False,0,0
11404644,0,candidate,533.9,5.902596818,K06085.01,CANDIDATE,4.9902220133901665e-09,,54894.0,False,0,0
6690171,0,candidate,495.3,85.0624157,K03320.01,CANDIDATE,0.1089709997177124,,41901.0,False,0,0
9418619,0,candidate,471.0,6.150251376,K06068.01,CANDIDATE,1.34767642521183e-05,,2128.7,False,0,0
6309763,0,candidate,466.2,3.251659087,K00611.01,CANDIDATE,0.006728499662131,,4747.9,False,0,0
8616873,0,candidate,426.0,0.576078683,K01251.01,CANDIDATE,5.5445660109398887e-05,,10084.8,False,0,0
6300348,0,candidate,391.2,5.69590202,K00212.01,CANDIDATE,0.0012862656731158,,4921.1,False,0,0
7017372,0,candidate,385.7,5.24088367,K03689.01,CANDIDATE,0.0035538088995963,,8531.2,False,0,0
3545478,0,candidate,384.0,75.1122132,K00366.01,CANDIDATE,0.0161690600216388,,3751.5,False,0,0
8554498,0,candidate,380.8,4.780327581,K00005.01,CANDIDATE,0.0082985367625951,,960.8,False,0,0
8631160,0,candidate,370.2,162.0479502,K01271.01,CANDIDATE,0.0015827699098736,,4840.5,False,0,0
10395543,0,candidate,363.9,3.687469832,K00531.01,CANDIDATE,0.0269370153546333,,5057.6,False,0,0
12105051,0,candidate,361.1,2.624234833,K00141.01,CANDIDATE,0.0499989949166774,,2607.0,False,0,0
9552608,0,candidate,351.4,9.250572762,K00080.01,CANDIDATE,0.0488950125873088,,1039.5,False,0,0
3453214,0,candidate,340.5,19.620346923,K00802.01,CANDIDATE,0.0501021333038806,,21724.6,False,0,0
8053552,0,candidate,332.0,29.481061268,K01549.01,CANDIDATE,0.0053666117601096,,11870.9,False,0,0
7031517,0,candidate,307.5,12.940668656,K00871.01,CANDIDATE,2.7444812076282687e-06,,42450.0,False,0,0
9574614,0,candidate,304.1,0.982090079,K01745.01,CANDIDATE,0.0023442662786692,,5396.7,False,0,0
9084778,0,candidate,303.8,0.592243731,K01631.01,CANDIDATE,0.0092516252771019,,3992.4,False,0,0
7199397,0,candidate,301.8,105.8817667,K00075.01,CANDIDATE,0.0141010796651244,,1556.3,False,0,0
4936180,0,candidate,296.9,4.64090031,K00820.01,CANDIDATE,0.0008974312804639,,2450.6,False,0,0
3642741,0,candidate,288.6,7.258450123,K00242.01,FALSE POSITIVE,0.0014423399697989,,3714.7,False,0,0
10221013,0,candidate,288.5,7.189379172,K00728.01,CANDIDATE,0.0114145455881953,,8126.4,False,0,0
8684730,0,candidate,286.0,46.15119482,K00319.01,CANDIDATE,0.0043473346158862,,1817.3,False,0,0
4760746,0,candidate,282.8,15.068060768,K01455.01,CANDIDATE,0.0002961987338494,,19387.0,False,0,0
10153011,0,candidate,277.2,83.09708021,K01773.01,CANDIDATE,0.0091847842559218,,15860.2,False,0,0
6867155,0,candidate,271.8,235.9986399,K00868.01,CANDIDATE,0.045421939343214,,20714.6,False,0,0
10602291,0,candidate,263.5,20.92735802,K00210.01,CANDIDATE,0.000745047465898,,8091.0,False,0,0
6879865,0,candidate,258.5,19.193103549,K00417.01,CANDIDATE,0.0092134773731231,,6807.3,False,0,0
5441980,0,candidate,252.5,5.89399142,K00607.01,CANDIDATE,0.0014068197924643,,10993.0,False,0,0
9512981,0,candidate,237.1,281.5628889,K01466.01,CANDIDATE,0.2396444380283355,,21012.0,False,0,0
7377343,0,candidate,228.4,7.95445779,K05384.01,CANDIDATE,0.0073322197422385,,6269.4,False,0,0
6862328,0,candidate,223.5,119.0207044,K00865.01,CANDIDATE,0.280027687549591,,7430.5,False,0,0
6805414,0,candidate,220.6,200.2350497,K05329.01,CANDIDATE,5.025540303904563e-05,,10812.1,False,0,0
7811211,0,candidate,220.3,0.902403563,K06918.01,CANDIDATE,0.0163392405956983,,4759.5,False,0,0
3532985,0,candidate,218.9,5.288547653,K05987.01,CANDIDATE,0.0003094182466156,,2185.3,False,0,0
11702948,0,candidate,215.0,9.771462706,K01465.01,CANDIDATE,0.0110095413401722,,6933.2,False,0,0
9214713,0,candidate,212.9,809.0141881,K00422.01,CANDIDATE,0.1309858113527298,,16311.3,False,0,0
8013419,0,candidate,210.5,12.732624065,K00901.01,CANDIDATE,0.0390125438570976,,6465.7,False,0,0
7619236,0,candidate,208.4,562.1725914,K00682.01,CANDIDATE,0.0318946614861488,,5877.8,False,0,0
11075279,0,candidate,197.9,345.1589354,K01431.01,CANDIDATE,0.0169285647571086,,5087.9,False,0,0
5283458,0,candidate,196.6,30.69395532,K01547.01,CANDIDATE,0.0002619369479361,,18121.0,False,0,0
10158418,0,candidate,196.6,5.007414194,K01784.01,CANDIDATE,2.9683516089562545e-08,,4413.9,False,0,0
5731623,0,candidate,190.4,3.261759866,K01793.01,CANDIDATE,0.0321093536913394,,3876.1,False,0,0
10656508,0,candidate,190.1,124.03589939,K00211.01,CANDIDATE,0.1581833511590957,,7690.0,False,0,0
7984047,0,candidate,185.5,77.63424586,K01552.01,CANDIDATE,0.113197274506092,,16612.0,False,0,0
5008245,0,candidate,185.3,2.60720833,K03770.01,CANDIDATE,0.0013517598854377,,3149.7,False,0,0
6599919,0,candidate,184.1,13.61014819,K00858.01,CANDIDATE,0.1412074565887451,,5732.9,False,0,0
6289650,0,candidate,183.8,166.7876551,K00415.01,CANDIDATE,0.0339519828557968,,4764.2,False,0,0
3115833,0,candidate,183.6,10.181584004,K00797.01,CANDIDATE,0.0639023333787918,,5741.1,False,0,0
8018547,0,candidate,182.1,83.92494032,K00902.01,CANDIDATE,0.0065365424379706,,7958.7,False,0,0
11180361,0,candidate,179.6,0.533059312,K00971.01,CANDIDATE,0.003240669844672,,1495.8,False,0,0
5390913,0,candidate,178.7,1.680254289,K05156.01,CANDIDATE,0.0472812876105308,,51633.0,False,0,0
5769943,0,candidate,166.8,1.013774136,K03810.01,CANDIDATE,0.0062428065575659,,33878.0,False,0,0
3644071,0,candidate,164.0,1295.362215,K01192.01,CANDIDATE,0.3833909630775451,,8708.0,False,0,0
6607447,0,candidate,163.2,99.6442783,K01242.01,CANDIDATE,0.4413421750068664,,3215.6,False,0,0
11547869,0,candidate,160.5,10.72725536,K03749.01,CANDIDATE,0.0015566339716315,,56197.0,False,0,0
7813039,0,candidate,157.4,141.73403059,K03787.01,CANDIDATE,0.0485081113874912,,7736.4,False,0,0
5596440,0,candidate,150.5,10.47490332,K00648.01,CANDIDATE,1.1279372301942203e-05,,1170.2,False,0,0
8323764,0,candidate,145.9,6.714247798,K03767.01,CANDIDATE,4.805042408406735e-05,,32213.0,False,0,0
9008220,0,candidate,141.0,9.391039263,K00466.01,CANDIDATE,0.0009643317316658,,2895.6,False,0,0
8110757,0,candidate,140.6,0.518060209,K07865.01,CANDIDATE,0.0001064524112734,,2258.4,False,0,0
11824222,0,candidate,135.8,15.84132627,K00437.01,CANDIDATE,0.0173648633062839,,31083.0,False,0,0
11709124,0,candidate,135.5,934.09418462,K00435.02,CANDIDATE,0.0058316593058407,,8709.6,False,0,0
3345675,0,candidate,131.1,120.00336404,K01772.01,CANDIDATE,0.0880296900868415,,39596.0,False,0,0
11853130,0,candidate,131.0,76.87935893,K03263.01,CANDIDATE,0.2745170593261719,,21272.0,False,0,0
5475431,0,candidate,128.1,0.917568975,K01546.01,CANDIDATE,0.0523733608424663,,15805.0,False,0,0
4055765,0,candidate,125.9,9.9664004,K00100.01,CANDIDATE,0.0020822156220674,,1619.0,False,0,0
2437505,0,candidate,124.8,21.47642727,K02671.01,CANDIDATE,0.0276318974792957,,348130.0,False,0,0
11342550,0,candidate,122.8,1693.6636225,K01421.01,CANDIDATE,0.1279769539833068,,9515.3,False,0,0
8813698,0,candidate,120.4,268.9410974,K01268.01,CANDIDATE,0.1105249300599098,,9010.2,False,0,0
9846348,0,candidate,119.6,26.89316101,K00716.01,CANDIDATE,0.0053557702340185,,2193.2,False,0,0
12417486,0,candidate,117.9,155.042265,K00622.01,CANDIDATE,0.0830177813768386,,4880.9,False,0,0
6185476,0,candidate,117.2,17.65737838,K00227.01,CANDIDATE,0.0573265105485916,,2155.7,False,0,0
11566064,0,candidate,116.3,152.1060435,K00353.01,CANDIDATE,1.836813498812262e-05,,3688.3,False,0,0
9703198,0,candidate,114.8,10.32906563,K00469.01,CANDIDATE,0.0296382643282413,,2309.8,False,0,0
8046659,0,candidate,113.6,31.56904354,K01560.01,CANDIDATE,0.1813861280679702,,4229.4,False,0,0
9425139,0,candidate,113.4,305.0762469,K01411.01,CANDIDATE,0.1108945533633232,,4042.8,False,0,0
7899070,0,candidate,110.9,126.4451275,K02683.01,CANDIDATE,0.0041253976523876,,3252.5,False,0,0
3425851,0,candidate,108.9,110.3783828,K00268.01,CANDIDATE,0.0020369794219732,,489.8,False,0,0
11026304,0,candidate,107.9,13.35151248,K01420.01,CANDIDATE,0.1565403938293457,,3308.8,False,0,0
2307199,0,candidate,105.3,13.4471791,K00151.01,CANDIDATE,0.2104325741529464,,1428.2,False,0,0
7504328,0,candidate,103.0,53.71798494,K00458.01,CANDIDATE,0.142635092139244,,3153.5,False,0,0
11904734,0,candidate,102.8,12.681733929,K01764.01,CANDIDATE,0.1372269243001938,,5879.1,False,0,0
6025124,0,candidate,101.4,26.83771808,K03411.01,CANDIDATE,0.0003639624046627,,8512.0,False,0,0
