kepid,kepoi_name,koi_period,koi_model_snr,koi_depth,koi_pdisposition,koi_disposition,true_label,snr_tier
7877496,K00202.01,1.72086129,1654.9,10184.5,CANDIDATE,CONFIRMED,1,high
12019440,K00186.01,3.24325988,1586.2,16450.9,CANDIDATE,CONFIRMED,1,high
5357901,K00188.01,3.797018259,1549.0,14431.2,CANDIDATE,CONFIRMED,1,high
6849046,K00201.01,4.225384543,1457.8,7563.0,CANDIDATE,CONFIRMED,1,high
10019708,K00199.01,3.268695042,1429.9,10091.4,CANDIDATE,CONFIRMED,1,high
11414511,K00767.01,2.816504904,1406.8,16813.7,CANDIDATE,CONFIRMED,1,high
5794240,K00254.01,2.455240626,1341.6,36911.9,CANDIDATE,CONFIRMED,1,high
9595827,K00217.01,3.905081685,1315.8,21340.5,CANDIDATE,CONFIRMED,1,high
11502867,K00195.01,3.217518511,1287.4,14319.4,CANDIDATE,CONFIRMED,1,high
3749365,K01176.01,1.97376085,1252.5,30222.4,CANDIDATE,CONFIRMED,1,high
7950644,K00192.01,10.290994129,1245.7,9655.7,CANDIDATE,CONFIRMED,1,high
2581316,K03681.01,217.83184293,1244.4,9148.7,CANDIDATE,CONFIRMED,1,high
9818381,K00135.01,3.024092505,1225.3,7765.0,CANDIDATE,CONFIRMED,1,high
7529266,K00680.01,8.600153929,1208.1,4510.2,CANDIDATE,CONFIRMED,1,high
10619192,K00203.01,1.485710994,1176.6,20823.9,CANDIDATE,CONFIRMED,1,high
9166862,K00931.01,3.855603916,1173.9,16652.7,CANDIDATE,CONFIRMED,1,high
11391018,K00189.01,30.360445359,1126.2,21124.7,CANDIDATE,CONFIRMED,1,high
6462863,K00094.01,22.342964828,1118.9,5612.8,CANDIDATE,CONFIRMED,1,high
4570949,K01658.01,1.544928892,1109.7,5817.3,CANDIDATE,CONFIRMED,1,high
11449844,K00125.01,38.47876629,1077.8,23530.0,FALSE POSITIVE,CONFIRMED,1,high
7849854,K00897.01,2.052349884,1072.1,14280.6,CANDIDATE,CONFIRMED,1,high
4742414,K00631.01,15.458056682,1055.9,4253.2,FALSE POSITIVE,CONFIRMED,1,high
9115800,K00421.01,4.454194254,1022.2,16041.5,CANDIDATE,CONFIRMED,1,high
3935914,K00809.01,1.594745374,1009.3,15044.5,CANDIDATE,CONFIRMED,1,high
5812701,K00012.01,17.855221681,915.7,9065.2,CANDIDATE,CONFIRMED,1,high
6522242,K00855.01,41.408316686,907.8,22838.9,CANDIDATE,CONFIRMED,1,high
2987027,K00197.01,17.276296682,871.4,10458.0,CANDIDATE,CONFIRMED,1,high
10748390,K00003.01,4.887803076,862.3,4315.8,CANDIDATE,CONFIRMED,1,high
6046540,K00200.01,7.340714946,856.3,8510.5,CANDIDATE,CONFIRMED,1,high
5972334,K00191.01,15.358767771,812.6,14638.1,CANDIDATE,CONFIRMED,1,high
8711794,K00105.01,8.981014925,198.3,1059.3,CANDIDATE,CONFIRMED,1,mid
5796675,K00652.01,16.080657264,195.9,3076.0,CANDIDATE,CONFIRMED,1,mid
11401755,K00277.01,16.23191704,194.9,501.6,CANDIDATE,CONFIRMED,1,mid
5088536,K00282.01,27.50871575,190.3,639.2,CANDIDATE,CONFIRMED,1,mid
11904151,K00072.01,0.837491225,189.5,190.4,CANDIDATE,CONFIRMED,1,mid
5866724,K00085.01,5.859935955,186.7,322.8,CANDIDATE,CONFIRMED,1,mid
4914423,K00108.02,179.609803,184.6,1273.0,CANDIDATE,CONFIRMED,1,mid
8565266,K00578.01,6.412512953,183.1,1156.4,CANDIDATE,CONFIRMED,1,mid
5437945,K03791.01,440.7843755,181.0,2579.0,CANDIDATE,CONFIRMED,1,mid
8478994,K00245.01,39.79220077,179.5,610.4,CANDIDATE,CONFIRMED,1,mid
5084942,K00161.01,3.105507835,178.6,904.6,CANDIDATE,CONFIRMED,1,mid
5735762,K00148.02,9.673958488,178.0,952.7,CANDIDATE,CONFIRMED,1,mid
7434875,K00884.01,9.439459486,175.2,3036.1,CANDIDATE,CONFIRMED,1,mid
8022489,K02674.01,197.5111484,175.2,2575.6,CANDIDATE,CONFIRMED,1,mid
11517719,K01416.01,2.495780169,171.4,25070.0,FALSE POSITIVE,CONFIRMED,1,mid
6786037,K00564.02,127.905412,171.0,4020.6,CANDIDATE,CONFIRMED,1,mid
3217264,K00401.01,29.19899219,171.0,2047.2,CANDIDATE,CONFIRMED,1,mid
11518142,K03762.01,240.7990472,170.1,5022.9,CANDIDATE,CONFIRMED,1,mid
11250587,K00107.01,7.256962446,168.3,463.2,CANDIDATE,CONFIRMED,1,mid
6196457,K00285.01,13.74883059,167.6,425.9,CANDIDATE,CONFIRMED,1,mid
8026752,K00240.01,4.286866229,167.3,1321.9,CANDIDATE,CONFIRMED,1,mid
9579641,K00115.01,5.412203927,166.7,601.6,CANDIDATE,CONFIRMED,1,mid
9820483,K00953.01,3.584101048,166.3,2608.1,CANDIDATE,CONFIRMED,1,mid
5164255,K00824.01,15.37562369,166.0,15337.0,CANDIDATE,CONFIRMED,1,mid
6678383,K00111.01,11.427550984,165.5,500.9,CANDIDATE,CONFIRMED,1,mid
10925104,K00156.03,11.776132317,163.5,1430.8,CANDIDATE,CONFIRMED,1,mid
8678594,K01261.01,133.460999,162.3,5032.9,CANDIDATE,CONFIRMED,1,mid
10910878,K00757.01,16.06864674,161.9,4914.3,CANDIDATE,CONFIRMED,1,mid
11122894,K01426.02,74.92768653,161.5,4119.2,CANDIDATE,CONFIRMED,1,mid
9450647,K00110.01,9.940666412,161.4,520.2,CANDIDATE,CONFIRMED,1,mid
6191521,K00847.01,80.8723469,160.9,3604.6,CANDIDATE,CONFIRMED,1,mid
9702072,K00714.01,4.182001885,160.3,847.4,CANDIDATE,CONFIRMED,1,mid
11017901,K01800.01,7.794302043,159.2,3387.4,CANDIDATE,CONFIRMED,1,mid
7135852,K00875.01,4.220965778,157.8,2260.0,CANDIDATE,CONFIRMED,1,mid
6508221,K00416.01,18.20795835,157.3,1596.9,CANDIDATE,CONFIRMED,1,mid
7366258,K00880.02,51.53997972,155.5,3644.3,CANDIDATE,CONFIRMED,1,mid
9663113,K00179.01,20.74028645,155.3,1023.3,CANDIDATE,CONFIRMED,1,mid
5780460,K01005.01,35.61760233,155.0,4634.9,CANDIDATE,CONFIRMED,1,mid
8866102,K00042.01,17.83367834,154.5,326.9,CANDIDATE,CONFIRMED,1,mid
9157634,K00526.01,2.104721971,153.3,905.5,CANDIDATE,CONFIRMED,1,mid
8689031,K00920.01,21.80451611,49.9,1144.9,CANDIDATE,CONFIRMED,1,low
6587002,K00612.02,47.4277116,49.9,820.4,CANDIDATE,CONFIRMED,1,low
7755636,K01921.01,16.00496657,49.8,377.5,CANDIDATE,CONFIRMED,1,low
8826168,K01850.01,11.55103848,49.8,402.8,CANDIDATE,CONFIRMED,1,low
11100383,K00346.01,12.92489803,49.5,959.0,CANDIDATE,CONFIRMED,1,low
9631762,K00588.01,10.35586478,49.5,660.9,CANDIDATE,CONFIRMED,1,low
11030711,K01429.01,205.912735,49.4,2378.8,CANDIDATE,CONFIRMED,1,low
6184894,K05245.01,7.20281185,49.4,1832.6,CANDIDATE,CONFIRMED,1,low
10905746,K01725.01,9.8786461,49.2,1472.7,CANDIDATE,CONFIRMED,1,low
6276477,K00849.01,10.35533116,49.2,750.6,CANDIDATE,CONFIRMED,1,low
7629518,K01495.01,15.59466045,49.2,867.7,CANDIDATE,CONFIRMED,1,low
10554999,K00534.01,6.400157105,49.1,743.2,CANDIDATE,CONFIRMED,1,low
3939150,K01215.01,17.32419108,49.1,241.3,CANDIDATE,CONFIRMED,1,low
9590976,K00710.01,5.37493289,49.0,155.8,CANDIDATE,CONFIRMED,1,low
9076513,K00583.01,2.437029217,49.0,244.0,CANDIDATE,CONFIRMED,1,low
5456651,K00835.01,11.76307164,48.9,1037.3,CANDIDATE,CONFIRMED,1,low
6690082,K01240.01,2.1395563,48.9,266.1,CANDIDATE,CONFIRMED,1,low
3634051,K06103.01,453.54212,48.8,861.0,CANDIDATE,CONFIRMED,1,low
10577994,K00475.01,8.1808949,48.7,723.5,CANDIDATE,CONFIRMED,1,low
10552611,K00338.01,7.0106324,48.7,327.3,CANDIDATE,CONFIRMED,1,low
9649706,K02049.01,1.569066598,48.7,147.2,CANDIDATE,CONFIRMED,1,low
8733898,K02842.01,1.565412613,48.6,2754.6,CANDIDATE,CONFIRMED,1,low
7765528,K01840.01,7.03932913,48.6,836.7,CANDIDATE,CONFIRMED,1,low
7455287,K00886.01,8.01078456,48.5,1333.6,CANDIDATE,CONFIRMED,1,low
8367644,K01879.01,22.08551599,48.5,3157.4,CANDIDATE,CONFIRMED,1,low
6693640,K01245.01,13.71938426,48.3,316.4,CANDIDATE,CONFIRMED,1,low
10724369,K01302.01,55.6391882,48.3,853.0,CANDIDATE,CONFIRMED,1,low
12404086,K00788.01,26.39432897,48.2,1510.9,CANDIDATE,CONFIRMED,1,low
5438099,K01567.01,7.24022418,48.2,864.9,CANDIDATE,CONFIRMED,1,low
6838050,K00512.01,6.51003001,48.1,602.8,CANDIDATE,CONFIRMED,1,low
7970760,K06943.01,7.64941291,9054.7,236246.0,FALSE POSITIVE,FALSE POSITIVE,0,fp
10191056,K05774.01,1.21374744,8755.2,185129.0,FALSE POSITIVE,FALSE POSITIVE,0,fp
9474969,K07178.01,21.570508432,8616.1,134176.0,FALSE POSITIVE,FALSE POSITIVE,0,fp
5738698,K06134.01,2.404386969,8577.4,313168.0,FALSE POSITIVE,FALSE POSITIVE,0,fp
9474222,K07177.01,13.691790011,8326.3,97563.5,FALSE POSITIVE,FALSE POSITIVE,0,fp
9353182,K07164.01,10.476258265,8251.5,120206.0,FALSE POSITIVE,FALSE POSITIVE,0,fp
9246715,K07601.01,342.55315723,8248.4,192887.0,FALSE POSITIVE,FALSE POSITIVE,0,fp
6766748,K06764.01,7.002865192,8168.6,349695.0,FALSE POSITIVE,FALSE POSITIVE,0,fp
6449358,K06147.01,5.776794344,8022.8,121544.0,FALSE POSITIVE,FALSE POSITIVE,0,fp
9966115,K06075.01,8.947426242,7878.0,85995.2,FALSE POSITIVE,FALSE POSITIVE,0,fp
9957668,K05744.01,30.69533113,7846.3,88771.2,FALSE POSITIVE,FALSE POSITIVE,0,fp
7118545,K06831.01,14.797219157,7795.3,252699.0,FALSE POSITIVE,FALSE POSITIVE,0,fp
5622250,K06608.01,16.294213708,7486.2,174006.0,FALSE POSITIVE,FALSE POSITIVE,0,fp
8581658,K07064.01,3.481657589,7428.7,347012.0,FALSE POSITIVE,FALSE POSITIVE,0,fp
9777062,K07229.01,19.230038188,7232.1,266180.0,FALSE POSITIVE,FALSE POSITIVE,0,fp
8044608,K03523.01,106.17593813,7056.8,164738.0,FALSE POSITIVE,FALSE POSITIVE,0,fp
8374499,K07026.01,5.251918489,6979.7,296478.0,FALSE POSITIVE,FALSE POSITIVE,0,fp
10480952,K05797.01,2.037453129,6944.9,315914.0,FALSE POSITIVE,FALSE POSITIVE,0,fp
5598639,K06602.01,0.648775795,6873.9,108824.0,FALSE POSITIVE,FALSE POSITIVE,0,fp
3757590,K03520.01,135.58607679,6788.8,363134.0,FALSE POSITIVE,FALSE POSITIVE,0,fp
10215422,K07297.01,24.847087207,6707.7,317670.0,FALSE POSITIVE,FALSE POSITIVE,0,fp
4740676,K06119.01,3.454241684,6581.3,88194.9,FALSE POSITIVE,FALSE POSITIVE,0,fp
8906676,K07108.01,8.209514329,6579.3,141387.0,FALSE POSITIVE,FALSE POSITIVE,0,fp
4144236,K06109.01,22.913446297,6512.7,251835.0,FALSE POSITIVE,FALSE POSITIVE,0,fp
12013615,K07505.01,8.202869679,6499.9,345937.0,FALSE POSITIVE,FALSE POSITIVE,0,fp
5473556,K02939.01,11.258825027,6395.7,196280.0,FALSE POSITIVE,FALSE POSITIVE,0,fp
9912977,K07977.01,0.9439372,6351.7,279437.0,FALSE POSITIVE,FALSE POSITIVE,0,fp
6220470,K06677.01,8.144135648,6113.7,87880.8,FALSE POSITIVE,FALSE POSITIVE,0,fp
8098300,K06964.01,4.305917719,6104.8,361389.0,FALSE POSITIVE,FALSE POSITIVE,0,fp
11913071,K07492.01,3.747835042,6016.2,188923.0,FALSE POSITIVE,FALSE POSITIVE,0,fp
5288543,K06555.01,3.457078812,6009.0,315517.0,FALSE POSITIVE,FALSE POSITIVE,0,fp
10491031,K07336.01,2.199069234,5915.4,225250.0,FALSE POSITIVE,FALSE POSITIVE,0,fp
10616656,K05814.01,25.285232337,5902.4,63021.6,FALSE POSITIVE,FALSE POSITIVE,0,fp
9412462,K07171.01,10.186578749,5867.8,340671.0,FALSE POSITIVE,FALSE POSITIVE,0,fp
6362386,K06146.01,4.592401261,5784.8,87426.1,FALSE POSITIVE,FALSE POSITIVE,0,fp
7369523,K06870.01,2.659418888,5776.1,305233.0,FALSE POSITIVE,FALSE POSITIVE,0,fp
11409698,K07444.01,10.26782676,5758.7,247175.0,FALSE POSITIVE,FALSE POSITIVE,0,fp
9873869,K07241.01,4.994773558,5742.0,259761.0,FALSE POSITIVE,FALSE POSITIVE,0,fp
2445134,K05983.01,8.412008943,5696.2,136113.0,FALSE POSITIVE,FALSE POSITIVE,0,fp
3120320,K06307.01,10.265613245,5640.0,150465.0,FALSE POSITIVE,FALSE POSITIVE,0,fp
8414159,K07035.01,11.931131598,5606.7,300506.0,FALSE POSITIVE,FALSE POSITIVE,0,fp
4826439,K06121.01,1.237147407,5557.4,435364.0,FALSE POSITIVE,FALSE POSITIVE,0,fp
4285087,K06112.01,2.243015737,5552.2,277946.0,FALSE POSITIVE,FALSE POSITIVE,0,fp
6593363,K06736.01,18.527824075,5547.2,76231.1,FALSE POSITIVE,FALSE POSITIVE,0,fp
12644769,K01611.01,41.077590334,5518.2,134484.0,FALSE POSITIVE,FALSE POSITIVE,0,fp
8316503,K07019.01,5.065329723,5497.0,155614.0,FALSE POSITIVE,FALSE POSITIVE,0,fp
6891512,K05335.01,1.752562808,5494.6,368004.0,FALSE POSITIVE,FALSE POSITIVE,0,fp
8621026,K07071.01,4.059428737,5461.0,245217.0,FALSE POSITIVE,FALSE POSITIVE,0,fp
8415863,K07037.01,27.533803402,5446.9,48152.7,FALSE POSITIVE,FALSE POSITIVE,0,fp
10601579,K07349.01,8.098754149,5402.0,56616.3,FALSE POSITIVE,FALSE POSITIVE,0,fp
5005618,K03186.01,681.9363102,5388.3,186528.0,FALSE POSITIVE,FALSE POSITIVE,0,fp
3644542,K03511.01,119.67980316,5357.7,299046.0,FALSE POSITIVE,FALSE POSITIVE,0,fp
10031808,K07278.01,8.589644815,5324.6,269518.0,FALSE POSITIVE,FALSE POSITIVE,0,fp
5016163,K05115.01,2.6228301,5312.7,409714.0,FALSE POSITIVE,FALSE POSITIVE,0,fp
5530881,K06594.01,5.082523739,5286.2,276277.0,FALSE POSITIVE,FALSE POSITIVE,0,fp
6864859,K06782.01,40.877841988,5260.3,256094.0,FALSE POSITIVE,FALSE POSITIVE,0,fp
6594972,K06737.01,10.819169459,5258.2,437142.0,FALSE POSITIVE,FALSE POSITIVE,0,fp
11071207,K07405.01,8.04963472,5246.5,279647.0,FALSE POSITIVE,FALSE POSITIVE,0,fp
9851142,K03513.01,8.480304281,5219.5,83114.6,FALSE POSITIVE,FALSE POSITIVE,0,fp
5735878,K06622.01,16.832079803,5156.6,48374.6,FALSE POSITIVE,FALSE POSITIVE,0,fp
4950557,K06483.01,24.714790706,5148.8,208732.0,FALSE POSITIVE,FALSE POSITIVE,0,fp
10385682,K06223.01,3.103730697,5143.6,369228.0,FALSE POSITIVE,FALSE POSITIVE,0,fp
8378656,K07027.01,3.62944008,5131.4,130083.0,FALSE POSITIVE,FALSE POSITIVE,0,fp
10849244,K07381.01,24.261683827,5083.9,192283.0,FALSE POSITIVE,FALSE POSITIVE,0,fp
6610219,K06743.01,11.300987626,5027.8,325703.0,FALSE POSITIVE,FALSE POSITIVE,0,fp
4255422,K03528.01,165.40574995,4958.6,66402.0,FALSE POSITIVE,FALSE POSITIVE,0,fp
12071006,K07511.01,6.096030635,4885.3,901661.0,FALSE POSITIVE,FALSE POSITIVE,0,fp
10228942,K06219.01,21.025447023,4881.9,115743.0,FALSE POSITIVE,FALSE POSITIVE,0,fp
9941387,K05738.01,27.659607786,4791.0,318404.0,FALSE POSITIVE,FALSE POSITIVE,0,fp
5284133,K06552.01,8.784575777,4761.5,262984.0,FALSE POSITIVE,FALSE POSITIVE,0,fp
12217907,K07516.01,43.204596783,4750.2,202488.0,FALSE POSITIVE,FALSE POSITIVE,0,fp
4840327,K05093.01,26.737139497,4731.1,53516.1,FALSE POSITIVE,FALSE POSITIVE,0,fp
10198109,K07294.01,17.918743061,4696.8,118355.0,FALSE POSITIVE,FALSE POSITIVE,0,fp
7846730,K06923.01,11.02822674,4680.2,278035.0,FALSE POSITIVE,FALSE POSITIVE,0,fp
3449540,K04982.01,1.606003121,4679.3,402550.0,FALSE POSITIVE,FALSE POSITIVE,0,fp
9048145,K06063.01,8.667826242,4638.1,43491.0,FALSE POSITIVE,FALSE POSITIVE,0,fp
6543674,K05298.01,1.195515364,4630.1,396401.0,FALSE POSITIVE,FALSE POSITIVE,0,fp
6699562,K05317.01,46.270524872,4607.4,66244.1,FALSE POSITIVE,FALSE POSITIVE,0,fp
7117003,K03514.01,428.32173928,4594.8,316995.0,FALSE POSITIVE,FALSE POSITIVE,0,fp
4847832,K06459.01,30.960216668,4578.3,340408.0,FALSE POSITIVE,FALSE POSITIVE,0,fp
5700330,K06616.01,53.220416998,4563.5,72895.3,FALSE POSITIVE,FALSE POSITIVE,0,fp
12251779,K07517.01,14.844240386,4542.8,83412.4,FALSE POSITIVE,FALSE POSITIVE,0,fp
8957954,K06189.01,2.179924994,4541.1,253149.0,FALSE POSITIVE,FALSE POSITIVE,0,fp
7541502,K06885.01,44.827323809,4484.5,237120.0,FALSE POSITIVE,FALSE POSITIVE,0,fp
5807579,K06629.01,17.844323157,4456.6,222364.0,FALSE POSITIVE,FALSE POSITIVE,0,fp
2693092,K06285.01,39.841522897,4421.6,143685.0,FALSE POSITIVE,FALSE POSITIVE,0,fp
6806632,K06772.01,9.469191607,4419.3,63501.9,FALSE POSITIVE,FALSE POSITIVE,0,fp
10275887,K07304.01,9.726748645,4414.3,393412.0,FALSE POSITIVE,FALSE POSITIVE,0,fp
10296163,K07309.01,9.296746368,4407.8,213838.0,FALSE POSITIVE,FALSE POSITIVE,0,fp
3938073,K06373.01,31.024310431,4403.8,96480.3,FALSE POSITIVE,FALSE POSITIVE,0,fp
2973509,K06300.01,6.62761199,4355.5,227141.0,FALSE POSITIVE,FALSE POSITIVE,0,fp
6182849,K03512.01,6.399107136,4322.4,376769.0,FALSE POSITIVE,FALSE POSITIVE,0,fp
6698670,K06760.01,10.81589054,4313.4,45399.6,FALSE POSITIVE,FALSE POSITIVE,0,fp
8984706,K06190.01,10.135401047,4311.3,256062.0,FALSE POSITIVE,FALSE POSITIVE,0,fp
6859813,K06778.01,10.88242209,4284.2,206811.0,FALSE POSITIVE,FALSE POSITIVE,0,fp
6877673,K06784.01,36.75892725,4263.6,261730.0,FALSE POSITIVE,FALSE POSITIVE,0,fp
6523216,K06725.01,14.313157391,4262.9,21566.9,FALSE POSITIVE,FALSE POSITIVE,0,fp
4157488,K06390.01,5.197420145,4262.1,91307.3,FALSE POSITIVE,FALSE POSITIVE,0,fp
12021387,K03522.01,241.07074582,4257.4,70291.7,FALSE POSITIVE,FALSE POSITIVE,0,fp
8590780,K06183.01,4.326946311,4247.8,409031.0,FALSE POSITIVE,FALSE POSITIVE,0,fp
10295951,K01154.01,6.810823723,1441.9,14446.8,CANDIDATE,CANDIDATE,0,candidate
6842345,K06774.01,17.3816224,1149.7,59099.4,CANDIDATE,CANDIDATE,0,candidate
6634112,K05308.01,9.942228056,1073.3,31067.9,CANDIDATE,CANDIDATE,0,candidate
7380537,K00883.01,2.688899233,1011.6,37491.6,CANDIDATE,CANDIDATE,0,candidate
6620003,K01225.01,1.714274727,987.2,28460.1,CANDIDATE,CANDIDATE,0,candidate
4178389,K00185.01,23.210509958,958.7,28736.9,CANDIDATE,CANDIDATE,0,candidate
12253490,K05961.01,19.159760875,900.3,32491.1,CANDIDATE,CANDIDATE,0,candidate
7906882,K00686.01,52.513548727,825.0,14252.3,CANDIDATE,CANDIDATE,0,candidate
9944201,K07259.01,0.721522907,815.3,22528.0,CANDIDATE,CANDIDATE,0,candidate
12251650,K00621.01,17.761998411,731.7,24176.9,CANDIDATE,CANDIDATE,0,candidate
9962595,K05745.01,11.374442708,643.6,27904.9,CANDIDATE,CANDIDATE,0,candidate
9772531,K00950.01,31.201692472,607.4,34513.7,CANDIDATE,CANDIDATE,0,candidate
11805075,K00436.01,199.83920527,590.6,44490.0,CANDIDATE,CANDIDATE,0,candidate
6526710,K00856.01,39.74893077,561.1,15178.9,CANDIDATE,CANDIDATE,0,candidate
8260218,K01066.01,5.714817603,537.7,12294.8,CANDIDATE,CANDIDATE,0,candidate
11404644,K06085.01,5.902596818,533.9,54894.0,CANDIDATE,CANDIDATE,0,candidate
6690171,K03320.01,85.0624157,495.3,41901.0,CANDIDATE,CANDIDATE,0,candidate
9418619,K06068.01,6.150251376,471.0,2128.7,CANDIDATE,CANDIDATE,0,candidate
6309763,K00611.01,3.251659087,466.2,4747.9,CANDIDATE,CANDIDATE,0,candidate
8616873,K01251.01,0.576078683,426.0,10084.8,CANDIDATE,CANDIDATE,0,candidate
6300348,K00212.01,5.69590202,391.2,4921.1,CANDIDATE,CANDIDATE,0,candidate
7017372,K03689.01,5.24088367,385.7,8531.2,CANDIDATE,CANDIDATE,0,candidate
3545478,K00366.01,75.1122132,384.0,3751.5,CANDIDATE,CANDIDATE,0,candidate
8554498,K00005.01,4.780327581,380.8,960.8,CANDIDATE,CANDIDATE,0,candidate
8631160,K01271.01,162.0479502,370.2,4840.5,CANDIDATE,CANDIDATE,0,candidate
10395543,K00531.01,3.687469832,363.9,5057.6,CANDIDATE,CANDIDATE,0,candidate
12105051,K00141.01,2.624234833,361.1,2607.0,CANDIDATE,CANDIDATE,0,candidate
9552608,K00080.01,9.250572762,351.4,1039.5,CANDIDATE,CANDIDATE,0,candidate
3453214,K00802.01,19.620346923,340.5,21724.6,CANDIDATE,CANDIDATE,0,candidate
8053552,K01549.01,29.481061268,332.0,11870.9,CANDIDATE,CANDIDATE,0,candidate
7031517,K00871.01,12.940668656,307.5,42450.0,CANDIDATE,CANDIDATE,0,candidate
9574614,K01745.01,0.982090079,304.1,5396.7,CANDIDATE,CANDIDATE,0,candidate
9084778,K01631.01,0.592243731,303.8,3992.4,CANDIDATE,CANDIDATE,0,candidate
7199397,K00075.01,105.8817667,301.8,1556.3,CANDIDATE,CANDIDATE,0,candidate
4936180,K00820.01,4.64090031,296.9,2450.6,CANDIDATE,CANDIDATE,0,candidate
3642741,K00242.01,7.258450123,288.6,3714.7,CANDIDATE,FALSE POSITIVE,0,candidate
10221013,K00728.01,7.189379172,288.5,8126.4,CANDIDATE,CANDIDATE,0,candidate
8684730,K00319.01,46.15119482,286.0,1817.3,CANDIDATE,CANDIDATE,0,candidate
4760746,K01455.01,15.068060768,282.8,19387.0,CANDIDATE,CANDIDATE,0,candidate
10153011,K01773.01,83.09708021,277.2,15860.2,CANDIDATE,CANDIDATE,0,candidate
6867155,K00868.01,235.9986399,271.8,20714.6,CANDIDATE,CANDIDATE,0,candidate
10602291,K00210.01,20.92735802,263.5,8091.0,CANDIDATE,CANDIDATE,0,candidate
6879865,K00417.01,19.193103549,258.5,6807.3,CANDIDATE,CANDIDATE,0,candidate
5441980,K00607.01,5.89399142,252.5,10993.0,CANDIDATE,CANDIDATE,0,candidate
9512981,K01466.01,281.5628889,237.1,21012.0,CANDIDATE,CANDIDATE,0,candidate
7377343,K05384.01,7.95445779,228.4,6269.4,CANDIDATE,CANDIDATE,0,candidate
6862328,K00865.01,119.0207044,223.5,7430.5,CANDIDATE,CANDIDATE,0,candidate
6805414,K05329.01,200.2350497,220.6,10812.1,CANDIDATE,CANDIDATE,0,candidate
7811211,K06918.01,0.902403563,220.3,4759.5,CANDIDATE,CANDIDATE,0,candidate
3532985,K05987.01,5.288547653,218.9,2185.3,CANDIDATE,CANDIDATE,0,candidate
11702948,K01465.01,9.771462706,215.0,6933.2,CANDIDATE,CANDIDATE,0,candidate
9214713,K00422.01,809.0141881,212.9,16311.3,CANDIDATE,CANDIDATE,0,candidate
8013419,K00901.01,12.732624065,210.5,6465.7,CANDIDATE,CANDIDATE,0,candidate
7619236,K00682.01,562.1725914,208.4,5877.8,CANDIDATE,CANDIDATE,0,candidate
11075279,K01431.01,345.1589354,197.9,5087.9,CANDIDATE,CANDIDATE,0,candidate
5283458,K01547.01,30.69395532,196.6,18121.0,CANDIDATE,CANDIDATE,0,candidate
10158418,K01784.01,5.007414194,196.6,4413.9,CANDIDATE,CANDIDATE,0,candidate
5716763,K00272.01,1.28132831,196.4,525.5,CANDIDATE,CANDIDATE,0,candidate
5731623,K01793.01,3.261759866,190.4,3876.1,CANDIDATE,CANDIDATE,0,candidate
10656508,K00211.01,124.03589939,190.1,7690.0,CANDIDATE,CANDIDATE,0,candidate
7984047,K01552.01,77.63424586,185.5,16612.0,CANDIDATE,CANDIDATE,0,candidate
5008245,K03770.01,2.60720833,185.3,3149.7,CANDIDATE,CANDIDATE,0,candidate
6599919,K00858.01,13.61014819,184.1,5732.9,CANDIDATE,CANDIDATE,0,candidate
6289650,K00415.01,166.7876551,183.8,4764.2,CANDIDATE,CANDIDATE,0,candidate
3115833,K00797.01,10.181584004,183.6,5741.1,CANDIDATE,CANDIDATE,0,candidate
8018547,K00902.01,83.92494032,182.1,7958.7,CANDIDATE,CANDIDATE,0,candidate
11180361,K00971.01,0.533059312,179.6,1495.8,CANDIDATE,CANDIDATE,0,candidate
5390913,K05156.01,1.680254289,178.7,51633.0,CANDIDATE,CANDIDATE,0,candidate
5769943,K03810.01,1.013774136,166.8,33878.0,CANDIDATE,CANDIDATE,0,candidate
3644071,K01192.01,1295.362215,164.0,8708.0,CANDIDATE,CANDIDATE,0,candidate
6607447,K01242.01,99.6442783,163.2,3215.6,CANDIDATE,CANDIDATE,0,candidate
11547869,K03749.01,10.72725536,160.5,56197.0,CANDIDATE,CANDIDATE,0,candidate
7813039,K03787.01,141.73403059,157.4,7736.4,CANDIDATE,CANDIDATE,0,candidate
5596440,K00648.01,10.47490332,150.5,1170.2,CANDIDATE,CANDIDATE,0,candidate
8323764,K03767.01,6.714247798,145.9,32213.0,CANDIDATE,CANDIDATE,0,candidate
9008220,K00466.01,9.391039263,141.0,2895.6,CANDIDATE,CANDIDATE,0,candidate
8110757,K07865.01,0.518060209,140.6,2258.4,CANDIDATE,CANDIDATE,0,candidate
11824222,K00437.01,15.84132627,135.8,31083.0,CANDIDATE,CANDIDATE,0,candidate
11709124,K00435.02,934.09418462,135.5,8709.6,CANDIDATE,CANDIDATE,0,candidate
3345675,K01772.01,120.00336404,131.1,39596.0,CANDIDATE,CANDIDATE,0,candidate
11853130,K03263.01,76.87935893,131.0,21272.0,CANDIDATE,CANDIDATE,0,candidate
5475431,K01546.01,0.917568975,128.1,15805.0,CANDIDATE,CANDIDATE,0,candidate
4055765,K00100.01,9.9664004,125.9,1619.0,CANDIDATE,CANDIDATE,0,candidate
2437505,K02671.01,21.47642727,124.8,348130.0,CANDIDATE,CANDIDATE,0,candidate
11342550,K01421.01,1693.6636225,122.8,9515.3,CANDIDATE,CANDIDATE,0,candidate
8813698,K01268.01,268.9410974,120.4,9010.2,CANDIDATE,CANDIDATE,0,candidate
9846348,K00716.01,26.89316101,119.6,2193.2,CANDIDATE,CANDIDATE,0,candidate
12417486,K00622.01,155.042265,117.9,4880.9,CANDIDATE,CANDIDATE,0,candidate
6185476,K00227.01,17.65737838,117.2,2155.7,CANDIDATE,CANDIDATE,0,candidate
11566064,K00353.01,152.1060435,116.3,3688.3,CANDIDATE,CANDIDATE,0,candidate
9703198,K00469.01,10.32906563,114.8,2309.8,CANDIDATE,CANDIDATE,0,candidate
8046659,K01560.01,31.56904354,113.6,4229.4,CANDIDATE,CANDIDATE,0,candidate
9425139,K01411.01,305.0762469,113.4,4042.8,CANDIDATE,CANDIDATE,0,candidate
7899070,K02683.01,126.4451275,110.9,3252.5,CANDIDATE,CANDIDATE,0,candidate
3425851,K00268.01,110.3783828,108.9,489.8,CANDIDATE,CANDIDATE,0,candidate
11026304,K01420.01,13.35151248,107.9,3308.8,CANDIDATE,CANDIDATE,0,candidate
2307199,K00151.01,13.4471791,105.3,1428.2,CANDIDATE,CANDIDATE,0,candidate
7504328,K00458.01,53.71798494,103.0,3153.5,CANDIDATE,CANDIDATE,0,candidate
11904734,K01764.01,12.681733929,102.8,5879.1,CANDIDATE,CANDIDATE,0,candidate
6025124,K03411.01,26.83771808,101.4,8512.0,CANDIDATE,CANDIDATE,0,candidate
